"Indicador","Periodo","Área geográfica","Tipo de dato","Sexo","DATA"
"1.1. Población total","2025 2T","Nacional","Valores absolutos","Total","130575786"
"1.1. Población total","2025 2T","Nacional","Valores absolutos","Hombres","62260360"
"1.1. Población total","2025 2T","Nacional","Valores absolutos","Mujeres","68315426"
"1.2. Menor de 15 años","2025 2T","Nacional","Valores absolutos","Total","27960586"
"1.2. Menor de 15 años","2025 2T","Nacional","Valores absolutos","Hombres","14254652"
"1.2. Menor de 15 años","2025 2T","Nacional","Valores absolutos","Mujeres","13705934"
"1.3. 15 años y más","2025 2T","Nacional","Valores absolutos","Total","102615200"
"1.3. 15 años y más","2025 2T","Nacional","Valores absolutos","Hombres","48005708"
"1.3. 15 años y más","2025 2T","Nacional","Valores absolutos","Mujeres","54609492"
"2.1. Población económicamente activa","2025 2T","Nacional","Valores absolutos","Total","61065005"
"2.1. Población económicamente activa","2025 2T","Nacional","Valores absolutos","Hombres","36046346"
"2.1. Población económicamente activa","2025 2T","Nacional","Valores absolutos","Mujeres","25018659"
"2.1.1. Población ocupada","2025 2T","Nacional","Valores absolutos","Total","59440760"
"2.1.1. Población ocupada","2025 2T","Nacional","Valores absolutos","Hombres","35109909"
"2.1.1. Población ocupada","2025 2T","Nacional","Valores absolutos","Mujeres","24330851"
"2.1.2. Población desocupada","2025 2T","Nacional","Valores absolutos","Total","1624245"
"2.1.2. Población desocupada","2025 2T","Nacional","Valores absolutos","Hombres","936437"
"2.1.2. Población desocupada","2025 2T","Nacional","Valores absolutos","Mujeres","687808"
"2.2. Población no económicamente activa","2025 2T","Nacional","Valores absolutos","Total","41550195"
"2.2. Población no económicamente activa","2025 2T","Nacional","Valores absolutos","Hombres","11959362"
"2.2. Población no económicamente activa","2025 2T","Nacional","Valores absolutos","Mujeres","29590833"
"2.2.1. Población disponible","2025 2T","Nacional","Valores absolutos","Total","5118795"
"2.2.1. Población disponible","2025 2T","Nacional","Valores absolutos","Hombres","1780527"
"2.2.1. Población disponible","2025 2T","Nacional","Valores absolutos","Mujeres","3338268"
"2.2.2. Población no disponible","2025 2T","Nacional","Valores absolutos","Total","36431400"
"2.2.2. Población no disponible","2025 2T","Nacional","Valores absolutos","Hombres","10178835"
"2.2.2. Población no disponible","2025 2T","Nacional","Valores absolutos","Mujeres","26252565"
"3.1. Población ocupada por posición en la ocupación","2025 2T","Nacional","Valores absolutos","Total","59440760"
"3.1. Población ocupada por posición en la ocupación","2025 2T","Nacional","Valores absolutos","Hombres","35109909"
"3.1. Población ocupada por posición en la ocupación","2025 2T","Nacional","Valores absolutos","Mujeres","24330851"
"3.1.1. Trabajadores subordinados y remunerados","2025 2T","Nacional","Valores absolutos","Total","41093677"
"3.1.1. Trabajadores subordinados y remunerados","2025 2T","Nacional","Valores absolutos","Hombres","24215102"
"3.1.1. Trabajadores subordinados y remunerados","2025 2T","Nacional","Valores absolutos","Mujeres","16878575"
"3.1.1.1. Asalariados","2025 2T","Nacional","Valores absolutos","Total","39448618"
"3.1.1.1. Asalariados","2025 2T","Nacional","Valores absolutos","Hombres","22988994"
"3.1.1.1. Asalariados","2025 2T","Nacional","Valores absolutos","Mujeres","16459624"
"3.1.1.2. Con percepciones no salariales","2025 2T","Nacional","Valores absolutos","Total","1645059"
"3.1.1.2. Con percepciones no salariales","2025 2T","Nacional","Valores absolutos","Hombres","1226108"
"3.1.1.2. Con percepciones no salariales","2025 2T","Nacional","Valores absolutos","Mujeres","418951"
"3.1.2. Empleadores","2025 2T","Nacional","Valores absolutos","Total","3541449"
"3.1.2. Empleadores","2025 2T","Nacional","Valores absolutos","Hombres","2710725"
"3.1.2. Empleadores","2025 2T","Nacional","Valores absolutos","Mujeres","830724"
"3.1.3. Trabajadores por cuenta propia","2025 2T","Nacional","Valores absolutos","Total","12860970"
"3.1.3. Trabajadores por cuenta propia","2025 2T","Nacional","Valores absolutos","Hombres","7421743"
"3.1.3. Trabajadores por cuenta propia","2025 2T","Nacional","Valores absolutos","Mujeres","5439227"
"3.1.4. Trabajadores no remunerados","2025 2T","Nacional","Valores absolutos","Total","1944664"
"3.1.4. Trabajadores no remunerados","2025 2T","Nacional","Valores absolutos","Hombres","762339"
"3.1.4. Trabajadores no remunerados","2025 2T","Nacional","Valores absolutos","Mujeres","1182325"
"3.1.5. No especificado","2025 2T","Nacional","Valores absolutos","Total","0"
"3.1.5. No especificado","2025 2T","Nacional","Valores absolutos","Hombres","0"
"3.1.5. No especificado","2025 2T","Nacional","Valores absolutos","Mujeres","0"
"3.2. Población ocupada por sector de actividad económica","2025 2T","Nacional","Valores absolutos","Total","59440760"
"3.2. Población ocupada por sector de actividad económica","2025 2T","Nacional","Valores absolutos","Hombres","35109909"
"3.2. Población ocupada por sector de actividad económica","2025 2T","Nacional","Valores absolutos","Mujeres","24330851"
"3.2.1. Primario","2025 2T","Nacional","Valores absolutos","Total","6296210"
"3.2.1. Primario","2025 2T","Nacional","Valores absolutos","Hombres","5408134"
"3.2.1. Primario","2025 2T","Nacional","Valores absolutos","Mujeres","888076"
"3.2.1.1. Agricultura, ganadería, silvicultura, caza y pesca","2025 2T","Nacional","Valores absolutos","Total","6296210"
"3.2.1.1. Agricultura, ganadería, silvicultura, caza y pesca","2025 2T","Nacional","Valores absolutos","Hombres","5408134"
"3.2.1.1. Agricultura, ganadería, silvicultura, caza y pesca","2025 2T","Nacional","Valores absolutos","Mujeres","888076"
"3.2.2. Secundario","2025 2T","Nacional","Valores absolutos","Total","14586375"
"3.2.2. Secundario","2025 2T","Nacional","Valores absolutos","Hombres","10506035"
"3.2.2. Secundario","2025 2T","Nacional","Valores absolutos","Mujeres","4080340"
"3.2.2.1. Industria extractiva y de la electricidad","2025 2T","Nacional","Valores absolutos","Total","402134"
"3.2.2.1. Industria extractiva y de la electricidad","2025 2T","Nacional","Valores absolutos","Hombres","335588"
"3.2.2.1. Industria extractiva y de la electricidad","2025 2T","Nacional","Valores absolutos","Mujeres","66546"
"3.2.2.2. Industria manufacturera","2025 2T","Nacional","Valores absolutos","Total","9564912"
"3.2.2.2. Industria manufacturera","2025 2T","Nacional","Valores absolutos","Hombres","5725689"
"3.2.2.2. Industria manufacturera","2025 2T","Nacional","Valores absolutos","Mujeres","3839223"
"3.2.2.3. Construcción","2025 2T","Nacional","Valores absolutos","Total","4619329"
"3.2.2.3. Construcción","2025 2T","Nacional","Valores absolutos","Hombres","4444758"
"3.2.2.3. Construcción","2025 2T","Nacional","Valores absolutos","Mujeres","174571"
"3.2.3. Terciario","2025 2T","Nacional","Valores absolutos","Total","38124482"
"3.2.3. Terciario","2025 2T","Nacional","Valores absolutos","Hombres","18886667"
"3.2.3. Terciario","2025 2T","Nacional","Valores absolutos","Mujeres","19237815"
"3.2.3.1. Comercio","2025 2T","Nacional","Valores absolutos","Total","11758980"
"3.2.3.1. Comercio","2025 2T","Nacional","Valores absolutos","Hombres","5489532"
"3.2.3.1. Comercio","2025 2T","Nacional","Valores absolutos","Mujeres","6269448"
"3.2.3.2. Restaurantes y servicios de alojamiento","2025 2T","Nacional","Valores absolutos","Total","4880359"
"3.2.3.2. Restaurantes y servicios de alojamiento","2025 2T","Nacional","Valores absolutos","Hombres","1937880"
"3.2.3.2. Restaurantes y servicios de alojamiento","2025 2T","Nacional","Valores absolutos","Mujeres","2942479"
"3.2.3.3. Transportes, comunicaciones, correo y almacenamiento","2025 2T","Nacional","Valores absolutos","Total","3476520"
"3.2.3.3. Transportes, comunicaciones, correo y almacenamiento","2025 2T","Nacional","Valores absolutos","Hombres","2959536"
"3.2.3.3. Transportes, comunicaciones, correo y almacenamiento","2025 2T","Nacional","Valores absolutos","Mujeres","516984"
"3.2.3.4. Servicios profesionales, financieros y corporativo","2025 2T","Nacional","Valores absolutos","Total","4865669"
"3.2.3.4. Servicios profesionales, financieros y corporativo","2025 2T","Nacional","Valores absolutos","Hombres","2890299"
"3.2.3.4. Servicios profesionales, financieros y corporativo","2025 2T","Nacional","Valores absolutos","Mujeres","1975370"
"3.2.3.5. Servicios sociales","2025 2T","Nacional","Valores absolutos","Total","4943344"
"3.2.3.5. Servicios sociales","2025 2T","Nacional","Valores absolutos","Hombres","1729651"
"3.2.3.5. Servicios sociales","2025 2T","Nacional","Valores absolutos","Mujeres","3213693"
"3.2.3.6. Servicios diversos","2025 2T","Nacional","Valores absolutos","Total","5978974"
"3.2.3.6. Servicios diversos","2025 2T","Nacional","Valores absolutos","Hombres","2677807"
"3.2.3.6. Servicios diversos","2025 2T","Nacional","Valores absolutos","Mujeres","3301167"
"3.2.3.7. Gobierno y organismos internacionales","2025 2T","Nacional","Valores absolutos","Total","2220636"
"3.2.3.7. Gobierno y organismos internacionales","2025 2T","Nacional","Valores absolutos","Hombres","1201962"
"3.2.3.7. Gobierno y organismos internacionales","2025 2T","Nacional","Valores absolutos","Mujeres","1018674"
"3.2.4. No especificado","2025 2T","Nacional","Valores absolutos","Total","433693"
"3.2.4. No especificado","2025 2T","Nacional","Valores absolutos","Hombres","309073"
"3.2.4. No especificado","2025 2T","Nacional","Valores absolutos","Mujeres","124620"
"3.3. Población ocupada por nivel de ingresos","2025 2T","Nacional","Valores absolutos","Total","59440760"
"3.3. Población ocupada por nivel de ingresos","2025 2T","Nacional","Valores absolutos","Hombres","35109909"
"3.3. Población ocupada por nivel de ingresos","2025 2T","Nacional","Valores absolutos","Mujeres","24330851"
"3.3.1. Hasta un salario mínimo","2025 2T","Nacional","Valores absolutos","Total","23122509"
"3.3.1. Hasta un salario mínimo","2025 2T","Nacional","Valores absolutos","Hombres","11907777"
"3.3.1. Hasta un salario mínimo","2025 2T","Nacional","Valores absolutos","Mujeres","11214732"
"3.3.2. Más de 1 hasta 2 salarios mínimos","2025 2T","Nacional","Valores absolutos","Total","17480062"
"3.3.2. Más de 1 hasta 2 salarios mínimos","2025 2T","Nacional","Valores absolutos","Hombres","11429691"
"3.3.2. Más de 1 hasta 2 salarios mínimos","2025 2T","Nacional","Valores absolutos","Mujeres","6050371"
"3.3.3. Más de 2 hasta 3 salarios mínimos","2025 2T","Nacional","Valores absolutos","Total","3585044"
"3.3.3. Más de 2 hasta 3 salarios mínimos","2025 2T","Nacional","Valores absolutos","Hombres","2434920"
"3.3.3. Más de 2 hasta 3 salarios mínimos","2025 2T","Nacional","Valores absolutos","Mujeres","1150124"
"3.3.4. Más de 3 hasta 5 salarios mínimos","2025 2T","Nacional","Valores absolutos","Total","1387971"
"3.3.4. Más de 3 hasta 5 salarios mínimos","2025 2T","Nacional","Valores absolutos","Hombres","940511"
"3.3.4. Más de 3 hasta 5 salarios mínimos","2025 2T","Nacional","Valores absolutos","Mujeres","447460"
"3.3.5. Más de 5 salarios mínimos","2025 2T","Nacional","Valores absolutos","Total","533968"
"3.3.5. Más de 5 salarios mínimos","2025 2T","Nacional","Valores absolutos","Hombres","394536"
"3.3.5. Más de 5 salarios mínimos","2025 2T","Nacional","Valores absolutos","Mujeres","139432"
"3.3.6. No recibe ingresos","2025 2T","Nacional","Valores absolutos","Total","2784614"
"3.3.6. No recibe ingresos","2025 2T","Nacional","Valores absolutos","Hombres","1541285"
"3.3.6. No recibe ingresos","2025 2T","Nacional","Valores absolutos","Mujeres","1243329"
"3.3.7. No especificado","2025 2T","Nacional","Valores absolutos","Total","10546592"
"3.3.7. No especificado","2025 2T","Nacional","Valores absolutos","Hombres","6461189"
"3.3.7. No especificado","2025 2T","Nacional","Valores absolutos","Mujeres","4085403"
"3.4. Población por duración de la jornada de trabajo","2025 2T","Nacional","Valores absolutos","Total","59440760"
"3.4. Población por duración de la jornada de trabajo","2025 2T","Nacional","Valores absolutos","Hombres","35109909"
"3.4. Población por duración de la jornada de trabajo","2025 2T","Nacional","Valores absolutos","Mujeres","24330851"
"3.4.1. Ausentes temporales con vínculo laboral","2025 2T","Nacional","Valores absolutos","Total","1343968"
"3.4.1. Ausentes temporales con vínculo laboral","2025 2T","Nacional","Valores absolutos","Hombres","688065"
"3.4.1. Ausentes temporales con vínculo laboral","2025 2T","Nacional","Valores absolutos","Mujeres","655903"
"3.4.2. Menos de 15 horas","2025 2T","Nacional","Valores absolutos","Total","3918033"
"3.4.2. Menos de 15 horas","2025 2T","Nacional","Valores absolutos","Hombres","1404435"
"3.4.2. Menos de 15 horas","2025 2T","Nacional","Valores absolutos","Mujeres","2513598"
"3.4.3. De 15 a 34 horas","2025 2T","Nacional","Valores absolutos","Total","11012637"
"3.4.3. De 15 a 34 horas","2025 2T","Nacional","Valores absolutos","Hombres","5249128"
"3.4.3. De 15 a 34 horas","2025 2T","Nacional","Valores absolutos","Mujeres","5763509"
"3.4.4. De 35 a 48 horas","2025 2T","Nacional","Valores absolutos","Total","28043551"
"3.4.4. De 35 a 48 horas","2025 2T","Nacional","Valores absolutos","Hombres","16990931"
"3.4.4. De 35 a 48 horas","2025 2T","Nacional","Valores absolutos","Mujeres","11052620"
"3.4.5. Más de 48 horas","2025 2T","Nacional","Valores absolutos","Total","14291489"
"3.4.5. Más de 48 horas","2025 2T","Nacional","Valores absolutos","Hombres","10181971"
"3.4.5. Más de 48 horas","2025 2T","Nacional","Valores absolutos","Mujeres","4109518"
"3.4.6. No especificado","2025 2T","Nacional","Valores absolutos","Total","831082"
"3.4.6. No especificado","2025 2T","Nacional","Valores absolutos","Hombres","595379"
"3.4.6. No especificado","2025 2T","Nacional","Valores absolutos","Mujeres","235703"
"3.5. Población ocupada por condición de acceso a las instituciones de salud","2025 2T","Nacional","Valores absolutos","Total","59440760"
"3.5. Población ocupada por condición de acceso a las instituciones de salud","2025 2T","Nacional","Valores absolutos","Hombres","35109909"
"3.5. Población ocupada por condición de acceso a las instituciones de salud","2025 2T","Nacional","Valores absolutos","Mujeres","24330851"
"3.5.1. Con acceso","2025 2T","Nacional","Valores absolutos","Total","23438788"
"3.5.1. Con acceso","2025 2T","Nacional","Valores absolutos","Hombres","13585772"
"3.5.1. Con acceso","2025 2T","Nacional","Valores absolutos","Mujeres","9853016"
"3.5.2. Sin acceso","2025 2T","Nacional","Valores absolutos","Total","35484478"
"3.5.2. Sin acceso","2025 2T","Nacional","Valores absolutos","Hombres","21185117"
"3.5.2. Sin acceso","2025 2T","Nacional","Valores absolutos","Mujeres","14299361"
"3.5.3. No especificado","2025 2T","Nacional","Valores absolutos","Total","517494"
"3.5.3. No especificado","2025 2T","Nacional","Valores absolutos","Hombres","339020"
"3.5.3. No especificado","2025 2T","Nacional","Valores absolutos","Mujeres","178474"
"3.6. Población ocupada por ámbito y tamaño de la unidad económica","2025 2T","Nacional","Valores absolutos","Total","59440760"
"3.6. Población ocupada por ámbito y tamaño de la unidad económica","2025 2T","Nacional","Valores absolutos","Hombres","35109909"
"3.6. Población ocupada por ámbito y tamaño de la unidad económica","2025 2T","Nacional","Valores absolutos","Mujeres","24330851"
"3.6.1. Ámbito agropecuario","2025 2T","Nacional","Valores absolutos","Total","6296210"
"3.6.1. Ámbito agropecuario","2025 2T","Nacional","Valores absolutos","Hombres","5408134"
"3.6.1. Ámbito agropecuario","2025 2T","Nacional","Valores absolutos","Mujeres","888076"
"3.6.2. Ámbito no agropecuario","2025 2T","Nacional","Valores absolutos","Total","48599062"
"3.6.2. Ámbito no agropecuario","2025 2T","Nacional","Valores absolutos","Hombres","26687284"
"3.6.2. Ámbito no agropecuario","2025 2T","Nacional","Valores absolutos","Mujeres","21911778"
"3.6.2.1. Micronegocios","2025 2T","Nacional","Valores absolutos","Total","23617116"
"3.6.2.1. Micronegocios","2025 2T","Nacional","Valores absolutos","Hombres","13594950"
"3.6.2.1. Micronegocios","2025 2T","Nacional","Valores absolutos","Mujeres","10022166"
"3.6.2.1.1. Sin establecimiento","2025 2T","Nacional","Valores absolutos","Total","12606107"
"3.6.2.1.1. Sin establecimiento","2025 2T","Nacional","Valores absolutos","Hombres","7935071"
"3.6.2.1.1. Sin establecimiento","2025 2T","Nacional","Valores absolutos","Mujeres","4671036"
"3.6.2.1.2. Con establecimiento","2025 2T","Nacional","Valores absolutos","Total","11011009"
"3.6.2.1.2. Con establecimiento","2025 2T","Nacional","Valores absolutos","Hombres","5659879"
"3.6.2.1.2. Con establecimiento","2025 2T","Nacional","Valores absolutos","Mujeres","5351130"
"3.6.2.2. Pequeños establecimientos","2025 2T","Nacional","Valores absolutos","Total","8967831"
"3.6.2.2. Pequeños establecimientos","2025 2T","Nacional","Valores absolutos","Hombres","4756496"
"3.6.2.2. Pequeños establecimientos","2025 2T","Nacional","Valores absolutos","Mujeres","4211335"
"3.6.2.3. Medianos establecimientos","2025 2T","Nacional","Valores absolutos","Total","5324892"
"3.6.2.3. Medianos establecimientos","2025 2T","Nacional","Valores absolutos","Hombres","3215874"
"3.6.2.3. Medianos establecimientos","2025 2T","Nacional","Valores absolutos","Mujeres","2109018"
"3.6.2.4. Grandes establecimientos","2025 2T","Nacional","Valores absolutos","Total","5834794"
"3.6.2.4. Grandes establecimientos","2025 2T","Nacional","Valores absolutos","Hombres","3480678"
"3.6.2.4. Grandes establecimientos","2025 2T","Nacional","Valores absolutos","Mujeres","2354116"
"3.6.2.5. Gobierno","2025 2T","Nacional","Valores absolutos","Total","2220636"
"3.6.2.5. Gobierno","2025 2T","Nacional","Valores absolutos","Hombres","1201962"
"3.6.2.5. Gobierno","2025 2T","Nacional","Valores absolutos","Mujeres","1018674"
"3.6.2.6. Otros","2025 2T","Nacional","Valores absolutos","Total","2633793"
"3.6.2.6. Otros","2025 2T","Nacional","Valores absolutos","Hombres","437324"
"3.6.2.6. Otros","2025 2T","Nacional","Valores absolutos","Mujeres","2196469"
"3.6.3. No especificado","2025 2T","Nacional","Valores absolutos","Total","4545488"
"3.6.3. No especificado","2025 2T","Nacional","Valores absolutos","Hombres","3014491"
"3.6.3. No especificado","2025 2T","Nacional","Valores absolutos","Mujeres","1530997"
"3.7. Población ocupada por distribución por tipo de unidad económica","2025 2T","Nacional","Valores absolutos","Total","59440760"
"3.7. Población ocupada por distribución por tipo de unidad económica","2025 2T","Nacional","Valores absolutos","Hombres","35109909"
"3.7. Población ocupada por distribución por tipo de unidad económica","2025 2T","Nacional","Valores absolutos","Mujeres","24330851"
"3.7.1. Empresas y negocios","2025 2T","Nacional","Valores absolutos","Total","31194633"
"3.7.1. Empresas y negocios","2025 2T","Nacional","Valores absolutos","Hombres","20353775"
"3.7.1. Empresas y negocios","2025 2T","Nacional","Valores absolutos","Mujeres","10840858"
"3.7.1.1. Empresas constituidas en sociedad y corporaciones","2025 2T","Nacional","Valores absolutos","Total","16762356"
"3.7.1.1. Empresas constituidas en sociedad y corporaciones","2025 2T","Nacional","Valores absolutos","Hombres","10435548"
"3.7.1.1. Empresas constituidas en sociedad y corporaciones","2025 2T","Nacional","Valores absolutos","Mujeres","6326808"
"3.7.1.2. Negocios no constituidos en sociedad","2025 2T","Nacional","Valores absolutos","Total","14432277"
"3.7.1.2. Negocios no constituidos en sociedad","2025 2T","Nacional","Valores absolutos","Hombres","9918227"
"3.7.1.2. Negocios no constituidos en sociedad","2025 2T","Nacional","Valores absolutos","Mujeres","4514050"
"3.7.2. Instituciones","2025 2T","Nacional","Valores absolutos","Total","7019044"
"3.7.2. Instituciones","2025 2T","Nacional","Valores absolutos","Hombres","3161626"
"3.7.2. Instituciones","2025 2T","Nacional","Valores absolutos","Mujeres","3857418"
"3.7.2.1. Privadas","2025 2T","Nacional","Valores absolutos","Total","1066223"
"3.7.2.1. Privadas","2025 2T","Nacional","Valores absolutos","Hombres","364895"
"3.7.2.1. Privadas","2025 2T","Nacional","Valores absolutos","Mujeres","701328"
"3.7.2.2. Públicas","2025 2T","Nacional","Valores absolutos","Total","5952821"
"3.7.2.2. Públicas","2025 2T","Nacional","Valores absolutos","Hombres","2796731"
"3.7.2.2. Públicas","2025 2T","Nacional","Valores absolutos","Mujeres","3156090"
"3.7.2.2.1. Administradas por los gobiernos","2025 2T","Nacional","Valores absolutos","Total","5569395"
"3.7.2.2.1. Administradas por los gobiernos","2025 2T","Nacional","Valores absolutos","Hombres","2603687"
"3.7.2.2.1. Administradas por los gobiernos","2025 2T","Nacional","Valores absolutos","Mujeres","2965708"
"3.7.2.2.2. No administradas por los gobiernos","2025 2T","Nacional","Valores absolutos","Total","383426"
"3.7.2.2.2. No administradas por los gobiernos","2025 2T","Nacional","Valores absolutos","Hombres","193044"
"3.7.2.2.2. No administradas por los gobiernos","2025 2T","Nacional","Valores absolutos","Mujeres","190382"
"3.7.3. Sector de los hogares","2025 2T","Nacional","Valores absolutos","Total","20842013"
"3.7.3. Sector de los hogares","2025 2T","Nacional","Valores absolutos","Hombres","11312315"
"3.7.3. Sector de los hogares","2025 2T","Nacional","Valores absolutos","Mujeres","9529698"
"3.7.3.1. Sector informal","2025 2T","Nacional","Valores absolutos","Total","17240375"
"3.7.3.1. Sector informal","2025 2T","Nacional","Valores absolutos","Hombres","10042650"
"3.7.3.1. Sector informal","2025 2T","Nacional","Valores absolutos","Mujeres","7197725"
"3.7.3.2. Trabajo doméstico remunerado","2025 2T","Nacional","Valores absolutos","Total","2295874"
"3.7.3.2. Trabajo doméstico remunerado","2025 2T","Nacional","Valores absolutos","Hombres","189725"
"3.7.3.2. Trabajo doméstico remunerado","2025 2T","Nacional","Valores absolutos","Mujeres","2106149"
"3.7.3.2. Agricultura de subsistencia","2025 2T","Nacional","Valores absolutos","Total","1305764"
"3.7.3.2. Agricultura de subsistencia","2025 2T","Nacional","Valores absolutos","Hombres","1079940"
"3.7.3.2. Agricultura de subsistencia","2025 2T","Nacional","Valores absolutos","Mujeres","225824"
"3.7.4. Situaciones de carácter especial y no especificadas","2025 2T","Nacional","Valores absolutos","Total","385070"
"3.7.4. Situaciones de carácter especial y no especificadas","2025 2T","Nacional","Valores absolutos","Hombres","282193"
"3.7.4. Situaciones de carácter especial y no especificadas","2025 2T","Nacional","Valores absolutos","Mujeres","102877"
"4.1. Trabajadores subordinados y remunerados por sector de actividad económica","2025 2T","Nacional","Valores absolutos","Total","41093677"
"4.1. Trabajadores subordinados y remunerados por sector de actividad económica","2025 2T","Nacional","Valores absolutos","Hombres","24215102"
"4.1. Trabajadores subordinados y remunerados por sector de actividad económica","2025 2T","Nacional","Valores absolutos","Mujeres","16878575"
"4.1.1. Primario","2025 2T","Nacional","Valores absolutos","Total","2956362"
"4.1.1. Primario","2025 2T","Nacional","Valores absolutos","Hombres","2516043"
"4.1.1. Primario","2025 2T","Nacional","Valores absolutos","Mujeres","440319"
"4.1.1.1. Agricultura, ganadería, silvicultura, caza y pesca","2025 2T","Nacional","Valores absolutos","Total","2956362"
"4.1.1.1. Agricultura, ganadería, silvicultura, caza y pesca","2025 2T","Nacional","Valores absolutos","Hombres","2516043"
"4.1.1.1. Agricultura, ganadería, silvicultura, caza y pesca","2025 2T","Nacional","Valores absolutos","Mujeres","440319"
"4.1.2. Secundario","2025 2T","Nacional","Valores absolutos","Total","11204023"
"4.1.2. Secundario","2025 2T","Nacional","Valores absolutos","Hombres","8128580"
"4.1.2. Secundario","2025 2T","Nacional","Valores absolutos","Mujeres","3075443"
"4.1.2.1. Industria extractiva y de la electricidad","2025 2T","Nacional","Valores absolutos","Total","392851"
"4.1.2.1. Industria extractiva y de la electricidad","2025 2T","Nacional","Valores absolutos","Hombres","326783"
"4.1.2.1. Industria extractiva y de la electricidad","2025 2T","Nacional","Valores absolutos","Mujeres","66068"
"4.1.2.2. Industria manufacturera","2025 2T","Nacional","Valores absolutos","Total","7687380"
"4.1.2.2. Industria manufacturera","2025 2T","Nacional","Valores absolutos","Hombres","4837528"
"4.1.2.2. Industria manufacturera","2025 2T","Nacional","Valores absolutos","Mujeres","2849852"
"4.1.2.3. Construcción","2025 2T","Nacional","Valores absolutos","Total","3123792"
"4.1.2.3. Construcción","2025 2T","Nacional","Valores absolutos","Hombres","2964269"
"4.1.2.3. Construcción","2025 2T","Nacional","Valores absolutos","Mujeres","159523"
"4.1.3. Terciario","2025 2T","Nacional","Valores absolutos","Total","26532143"
"4.1.3. Terciario","2025 2T","Nacional","Valores absolutos","Hombres","13283553"
"4.1.3. Terciario","2025 2T","Nacional","Valores absolutos","Mujeres","13248590"
"4.1.3.1. Comercio","2025 2T","Nacional","Valores absolutos","Total","6557673"
"4.1.3.1. Comercio","2025 2T","Nacional","Valores absolutos","Hombres","3526381"
"4.1.3.1. Comercio","2025 2T","Nacional","Valores absolutos","Mujeres","3031292"
"4.1.3.2. Restaurantes y servicios de alojamiento","2025 2T","Nacional","Valores absolutos","Total","3001072"
"4.1.3.2. Restaurantes y servicios de alojamiento","2025 2T","Nacional","Valores absolutos","Hombres","1363137"
"4.1.3.2. Restaurantes y servicios de alojamiento","2025 2T","Nacional","Valores absolutos","Mujeres","1637935"
"4.1.3.3. Transportes, comunicaciones, correo y almacenamiento","2025 2T","Nacional","Valores absolutos","Total","2478561"
"4.1.3.3. Transportes, comunicaciones, correo y almacenamiento","2025 2T","Nacional","Valores absolutos","Hombres","2031193"
"4.1.3.3. Transportes, comunicaciones, correo y almacenamiento","2025 2T","Nacional","Valores absolutos","Mujeres","447368"
"4.1.3.4. Servicios profesionales, financieros y corporativos","2025 2T","Nacional","Valores absolutos","Total","3688257"
"4.1.3.4. Servicios profesionales, financieros y corporativos","2025 2T","Nacional","Valores absolutos","Hombres","2075317"
"4.1.3.4. Servicios profesionales, financieros y corporativos","2025 2T","Nacional","Valores absolutos","Mujeres","1612940"
"4.1.3.5. Servicios sociales","2025 2T","Nacional","Valores absolutos","Total","4405020"
"4.1.3.5. Servicios sociales","2025 2T","Nacional","Valores absolutos","Hombres","1528729"
"4.1.3.5. Servicios sociales","2025 2T","Nacional","Valores absolutos","Mujeres","2876291"
"4.1.3.6. Servicios diversos","2025 2T","Nacional","Valores absolutos","Total","4190934"
"4.1.3.6. Servicios diversos","2025 2T","Nacional","Valores absolutos","Hombres","1559163"
"4.1.3.6. Servicios diversos","2025 2T","Nacional","Valores absolutos","Mujeres","2631771"
"4.1.3.7. Gobierno y organismos internacionales","2025 2T","Nacional","Valores absolutos","Total","2210626"
"4.1.3.7. Gobierno y organismos internacionales","2025 2T","Nacional","Valores absolutos","Hombres","1199633"
"4.1.3.7. Gobierno y organismos internacionales","2025 2T","Nacional","Valores absolutos","Mujeres","1010993"
"4.1.4. No especificado","2025 2T","Nacional","Valores absolutos","Total","401149"
"4.1.4. No especificado","2025 2T","Nacional","Valores absolutos","Hombres","286926"
"4.1.4. No especificado","2025 2T","Nacional","Valores absolutos","Mujeres","114223"
"4.2. Trabajadores subordinados y remunerados por nivel de ingresos","2025 2T","Nacional","Valores absolutos","Total","41093677"
"4.2. Trabajadores subordinados y remunerados por nivel de ingresos","2025 2T","Nacional","Valores absolutos","Hombres","24215102"
"4.2. Trabajadores subordinados y remunerados por nivel de ingresos","2025 2T","Nacional","Valores absolutos","Mujeres","16878575"
"4.2.1. Hasta un salario mínimo","2025 2T","Nacional","Valores absolutos","Total","15598793"
"4.2.1. Hasta un salario mínimo","2025 2T","Nacional","Valores absolutos","Hombres","8285983"
"4.2.1. Hasta un salario mínimo","2025 2T","Nacional","Valores absolutos","Mujeres","7312810"
"4.2.2. Más de 1 hasta 2 salarios mínimos","2025 2T","Nacional","Valores absolutos","Total","14079456"
"4.2.2. Más de 1 hasta 2 salarios mínimos","2025 2T","Nacional","Valores absolutos","Hombres","8947055"
"4.2.2. Más de 1 hasta 2 salarios mínimos","2025 2T","Nacional","Valores absolutos","Mujeres","5132401"
"4.2.3. Más de 2 hasta 3 salarios mínimos","2025 2T","Nacional","Valores absolutos","Total","2686150"
"4.2.3. Más de 2 hasta 3 salarios mínimos","2025 2T","Nacional","Valores absolutos","Hombres","1753683"
"4.2.3. Más de 2 hasta 3 salarios mínimos","2025 2T","Nacional","Valores absolutos","Mujeres","932467"
"4.2.4. Más de 3 hasta 5 salarios mínimos","2025 2T","Nacional","Valores absolutos","Total","999021"
"4.2.4. Más de 3 hasta 5 salarios mínimos","2025 2T","Nacional","Valores absolutos","Hombres","653821"
"4.2.4. Más de 3 hasta 5 salarios mínimos","2025 2T","Nacional","Valores absolutos","Mujeres","345200"
"4.2.5. Más de 5 salarios mínimos","2025 2T","Nacional","Valores absolutos","Total","330374"
"4.2.5. Más de 5 salarios mínimos","2025 2T","Nacional","Valores absolutos","Hombres","236888"
"4.2.5. Más de 5 salarios mínimos","2025 2T","Nacional","Valores absolutos","Mujeres","93486"
"4.2.6. No especificado","2025 2T","Nacional","Valores absolutos","Total","7399883"
"4.2.6. No especificado","2025 2T","Nacional","Valores absolutos","Hombres","4337672"
"4.2.6. No especificado","2025 2T","Nacional","Valores absolutos","Mujeres","3062211"
"4.3. Trabajadores subordinados y remunerados por duración de la jornada de trabajo","2025 2T","Nacional","Valores absolutos","Total","41093677"
"4.3. Trabajadores subordinados y remunerados por duración de la jornada de trabajo","2025 2T","Nacional","Valores absolutos","Hombres","24215102"
"4.3. Trabajadores subordinados y remunerados por duración de la jornada de trabajo","2025 2T","Nacional","Valores absolutos","Mujeres","16878575"
"4.3.1. Ausentes temporales con vínculo laboral","2025 2T","Nacional","Valores absolutos","Total","1031010"
"4.3.1. Ausentes temporales con vínculo laboral","2025 2T","Nacional","Valores absolutos","Hombres","533661"
"4.3.1. Ausentes temporales con vínculo laboral","2025 2T","Nacional","Valores absolutos","Mujeres","497349"
"4.3.2. Menos de 15 horas","2025 2T","Nacional","Valores absolutos","Total","1418512"
"4.3.2. Menos de 15 horas","2025 2T","Nacional","Valores absolutos","Hombres","560293"
"4.3.2. Menos de 15 horas","2025 2T","Nacional","Valores absolutos","Mujeres","858219"
"4.3.3. De 15 a 34 horas","2025 2T","Nacional","Valores absolutos","Total","6226801"
"4.3.3. De 15 a 34 horas","2025 2T","Nacional","Valores absolutos","Hombres","2781676"
"4.3.3. De 15 a 34 horas","2025 2T","Nacional","Valores absolutos","Mujeres","3445125"
"4.3.4. De 35 a 48 horas","2025 2T","Nacional","Valores absolutos","Total","22263302"
"4.3.4. De 35 a 48 horas","2025 2T","Nacional","Valores absolutos","Hombres","12915145"
"4.3.4. De 35 a 48 horas","2025 2T","Nacional","Valores absolutos","Mujeres","9348157"
"4.3.5. Más de 48 horas","2025 2T","Nacional","Valores absolutos","Total","9691633"
"4.3.5. Más de 48 horas","2025 2T","Nacional","Valores absolutos","Hombres","7068332"
"4.3.5. Más de 48 horas","2025 2T","Nacional","Valores absolutos","Mujeres","2623301"
"4.3.6. No especificado","2025 2T","Nacional","Valores absolutos","Total","462419"
"4.3.6. No especificado","2025 2T","Nacional","Valores absolutos","Hombres","355995"
"4.3.6. No especificado","2025 2T","Nacional","Valores absolutos","Mujeres","106424"
"4.4. Trabajadores subordinados y remunerados por condición de acceso a las instituciones de salud","2025 2T","Nacional","Valores absolutos","Total","41093677"
"4.4. Trabajadores subordinados y remunerados por condición de acceso a las instituciones de salud","2025 2T","Nacional","Valores absolutos","Hombres","24215102"
"4.4. Trabajadores subordinados y remunerados por condición de acceso a las instituciones de salud","2025 2T","Nacional","Valores absolutos","Mujeres","16878575"
"4.4.1. Con acceso","2025 2T","Nacional","Valores absolutos","Total","23401256"
"4.4.1. Con acceso","2025 2T","Nacional","Valores absolutos","Hombres","13559563"
"4.4.1. Con acceso","2025 2T","Nacional","Valores absolutos","Mujeres","9841693"
"4.4.2. Sin acceso","2025 2T","Nacional","Valores absolutos","Total","17212718"
"4.4.2. Sin acceso","2025 2T","Nacional","Valores absolutos","Hombres","10347797"
"4.4.2. Sin acceso","2025 2T","Nacional","Valores absolutos","Mujeres","6864921"
"4.4.3. No especificado","2025 2T","Nacional","Valores absolutos","Total","479703"
"4.4.3. No especificado","2025 2T","Nacional","Valores absolutos","Hombres","307742"
"4.4.3. No especificado","2025 2T","Nacional","Valores absolutos","Mujeres","171961"
"4.5. Trabajadores subordinados y remunerados por prestaciones laborales (sin considerar el acceso a las instituciones de salud)","2025 2T","Nacional","Valores absolutos","Total","41093677"
"4.5. Trabajadores subordinados y remunerados por prestaciones laborales (sin considerar el acceso a las instituciones de salud)","2025 2T","Nacional","Valores absolutos","Hombres","24215102"
"4.5. Trabajadores subordinados y remunerados por prestaciones laborales (sin considerar el acceso a las instituciones de salud)","2025 2T","Nacional","Valores absolutos","Mujeres","16878575"
"4.5.1. Con prestaciones","2025 2T","Nacional","Valores absolutos","Total","27945687"
"4.5.1. Con prestaciones","2025 2T","Nacional","Valores absolutos","Hombres","15896834"
"4.5.1. Con prestaciones","2025 2T","Nacional","Valores absolutos","Mujeres","12048853"
"4.5.2. Sin prestaciones","2025 2T","Nacional","Valores absolutos","Total","12574877"
"4.5.2. Sin prestaciones","2025 2T","Nacional","Valores absolutos","Hombres","7994218"
"4.5.2. Sin prestaciones","2025 2T","Nacional","Valores absolutos","Mujeres","4580659"
"4.5.3. No especificado","2025 2T","Nacional","Valores absolutos","Total","573113"
"4.5.3. No especificado","2025 2T","Nacional","Valores absolutos","Hombres","324050"
"4.5.3. No especificado","2025 2T","Nacional","Valores absolutos","Mujeres","249063"
"4.6. Trabajadores subordinados y remunerados por disponibilidad de contrato escrito","2025 2T","Nacional","Valores absolutos","Total","41093677"
"4.6. Trabajadores subordinados y remunerados por disponibilidad de contrato escrito","2025 2T","Nacional","Valores absolutos","Hombres","24215102"
"4.6. Trabajadores subordinados y remunerados por disponibilidad de contrato escrito","2025 2T","Nacional","Valores absolutos","Mujeres","16878575"
"4.6.1. Con contrato escrito","2025 2T","Nacional","Valores absolutos","Total","23455991"
"4.6.1. Con contrato escrito","2025 2T","Nacional","Valores absolutos","Hombres","13410688"
"4.6.1. Con contrato escrito","2025 2T","Nacional","Valores absolutos","Mujeres","10045303"
"4.6.1.1. Temporal","2025 2T","Nacional","Valores absolutos","Total","2880635"
"4.6.1.1. Temporal","2025 2T","Nacional","Valores absolutos","Hombres","1589515"
"4.6.1.1. Temporal","2025 2T","Nacional","Valores absolutos","Mujeres","1291120"
"4.6.1.2. De base, planta o por tiempo indefinido","2025 2T","Nacional","Valores absolutos","Total","20327194"
"4.6.1.2. De base, planta o por tiempo indefinido","2025 2T","Nacional","Valores absolutos","Hombres","11667482"
"4.6.1.2. De base, planta o por tiempo indefinido","2025 2T","Nacional","Valores absolutos","Mujeres","8659712"
"4.6.1.3. Contrato de tipo no especificado","2025 2T","Nacional","Valores absolutos","Total","248162"
"4.6.1.3. Contrato de tipo no especificado","2025 2T","Nacional","Valores absolutos","Hombres","153691"
"4.6.1.3. Contrato de tipo no especificado","2025 2T","Nacional","Valores absolutos","Mujeres","94471"
"4.6.2. Sin contrato escrito","2025 2T","Nacional","Valores absolutos","Total","16677804"
"4.6.2. Sin contrato escrito","2025 2T","Nacional","Valores absolutos","Hombres","10191800"
"4.6.2. Sin contrato escrito","2025 2T","Nacional","Valores absolutos","Mujeres","6486004"
"4.6.3. No especificado","2025 2T","Nacional","Valores absolutos","Total","959882"
"4.6.3. No especificado","2025 2T","Nacional","Valores absolutos","Hombres","612614"
"4.6.3. No especificado","2025 2T","Nacional","Valores absolutos","Mujeres","347268"
"5.1. Trabajadores subordinados y remunerados no agropecuarios por tamaño de la unidad económica","2025 2T","Nacional","Valores absolutos","Total","38137315"
"5.1. Trabajadores subordinados y remunerados no agropecuarios por tamaño de la unidad económica","2025 2T","Nacional","Valores absolutos","Hombres","21699059"
"5.1. Trabajadores subordinados y remunerados no agropecuarios por tamaño de la unidad económica","2025 2T","Nacional","Valores absolutos","Mujeres","16438256"
"5.1.1. Micronegocios","2025 2T","Nacional","Valores absolutos","Total","9562367"
"5.1.1. Micronegocios","2025 2T","Nacional","Valores absolutos","Hombres","6273714"
"5.1.1. Micronegocios","2025 2T","Nacional","Valores absolutos","Mujeres","3288653"
"5.1.1.1. Sin establecimiento","2025 2T","Nacional","Valores absolutos","Total","3543782"
"5.1.1.1. Sin establecimiento","2025 2T","Nacional","Valores absolutos","Hombres","3083806"
"5.1.1.1. Sin establecimiento","2025 2T","Nacional","Valores absolutos","Mujeres","459976"
"5.1.1.2. Con establecimiento","2025 2T","Nacional","Valores absolutos","Total","6018585"
"5.1.1.2. Con establecimiento","2025 2T","Nacional","Valores absolutos","Hombres","3189908"
"5.1.1.2. Con establecimiento","2025 2T","Nacional","Valores absolutos","Mujeres","2828677"
"5.1.2. Pequeños establecimientos","2025 2T","Nacional","Valores absolutos","Total","8645016"
"5.1.2. Pequeños establecimientos","2025 2T","Nacional","Valores absolutos","Hombres","4549986"
"5.1.2. Pequeños establecimientos","2025 2T","Nacional","Valores absolutos","Mujeres","4095030"
"5.1.3. Medianos establecimientos","2025 2T","Nacional","Valores absolutos","Total","5297629"
"5.1.3. Medianos establecimientos","2025 2T","Nacional","Valores absolutos","Hombres","3199696"
"5.1.3. Medianos establecimientos","2025 2T","Nacional","Valores absolutos","Mujeres","2097933"
"5.1.4. Grandes establecimientos","2025 2T","Nacional","Valores absolutos","Total","5818675"
"5.1.4. Grandes establecimientos","2025 2T","Nacional","Valores absolutos","Hombres","3471089"
"5.1.4. Grandes establecimientos","2025 2T","Nacional","Valores absolutos","Mujeres","2347586"
"5.1.5. Gobierno","2025 2T","Nacional","Valores absolutos","Total","2210626"
"5.1.5. Gobierno","2025 2T","Nacional","Valores absolutos","Hombres","1199633"
"5.1.5. Gobierno","2025 2T","Nacional","Valores absolutos","Mujeres","1010993"
"5.1.6. Otros","2025 2T","Nacional","Valores absolutos","Total","2612710"
"5.1.6. Otros","2025 2T","Nacional","Valores absolutos","Hombres","425081"
"5.1.6. Otros","2025 2T","Nacional","Valores absolutos","Mujeres","2187629"
"5.1.7. No especificado","2025 2T","Nacional","Valores absolutos","Total","3990292"
"5.1.7. No especificado","2025 2T","Nacional","Valores absolutos","Hombres","2579860"
"5.1.7. No especificado","2025 2T","Nacional","Valores absolutos","Mujeres","1410432"
"6.1. Población subocupada por condición de búsqueda de trabajo adicional","2025 2T","Nacional","Valores absolutos","Total","4288800"
"6.1. Población subocupada por condición de búsqueda de trabajo adicional","2025 2T","Nacional","Valores absolutos","Hombres","2571282"
"6.1. Población subocupada por condición de búsqueda de trabajo adicional","2025 2T","Nacional","Valores absolutos","Mujeres","1717518"
"6.1.1. Con búsqueda de trabajo adicional","2025 2T","Nacional","Valores absolutos","Total","347571"
"6.1.1. Con búsqueda de trabajo adicional","2025 2T","Nacional","Valores absolutos","Hombres","237805"
"6.1.1. Con búsqueda de trabajo adicional","2025 2T","Nacional","Valores absolutos","Mujeres","109766"
"6.1.2. Sin búsqueda de trabajo adicional","2025 2T","Nacional","Valores absolutos","Total","3941229"
"6.1.2. Sin búsqueda de trabajo adicional","2025 2T","Nacional","Valores absolutos","Hombres","2333477"
"6.1.2. Sin búsqueda de trabajo adicional","2025 2T","Nacional","Valores absolutos","Mujeres","1607752"
"6.2. Población subocupada por nivel de instrucción","2025 2T","Nacional","Valores absolutos","Total","4288800"
"6.2. Población subocupada por nivel de instrucción","2025 2T","Nacional","Valores absolutos","Hombres","2571282"
"6.2. Población subocupada por nivel de instrucción","2025 2T","Nacional","Valores absolutos","Mujeres","1717518"
"6.2.1. Primaria incompleta","2025 2T","Nacional","Valores absolutos","Total","460438"
"6.2.1. Primaria incompleta","2025 2T","Nacional","Valores absolutos","Hombres","314420"
"6.2.1. Primaria incompleta","2025 2T","Nacional","Valores absolutos","Mujeres","146018"
"6.2.2. Primaria completa","2025 2T","Nacional","Valores absolutos","Total","773244"
"6.2.2. Primaria completa","2025 2T","Nacional","Valores absolutos","Hombres","521077"
"6.2.2. Primaria completa","2025 2T","Nacional","Valores absolutos","Mujeres","252167"
"6.2.3. Secundaria completa","2025 2T","Nacional","Valores absolutos","Total","1420674"
"6.2.3. Secundaria completa","2025 2T","Nacional","Valores absolutos","Hombres","821881"
"6.2.3. Secundaria completa","2025 2T","Nacional","Valores absolutos","Mujeres","598793"
"6.2.4. Medio superior y superior","2025 2T","Nacional","Valores absolutos","Total","1626857"
"6.2.4. Medio superior y superior","2025 2T","Nacional","Valores absolutos","Hombres","909471"
"6.2.4. Medio superior y superior","2025 2T","Nacional","Valores absolutos","Mujeres","717386"
"6.2.5. No especificado","2025 2T","Nacional","Valores absolutos","Total","7587"
"6.2.5. No especificado","2025 2T","Nacional","Valores absolutos","Hombres","4433"
"6.2.5. No especificado","2025 2T","Nacional","Valores absolutos","Mujeres","3154"
"6.3. Población subocupada por posición en la ocupación","2025 2T","Nacional","Valores absolutos","Total","4288800"
"6.3. Población subocupada por posición en la ocupación","2025 2T","Nacional","Valores absolutos","Hombres","2571282"
"6.3. Población subocupada por posición en la ocupación","2025 2T","Nacional","Valores absolutos","Mujeres","1717518"
"6.3.1. Trabajadores subordinados y remunerados","2025 2T","Nacional","Valores absolutos","Total","1941599"
"6.3.1. Trabajadores subordinados y remunerados","2025 2T","Nacional","Valores absolutos","Hombres","1284808"
"6.3.1. Trabajadores subordinados y remunerados","2025 2T","Nacional","Valores absolutos","Mujeres","656791"
"6.3.1.1. Asalariados","2025 2T","Nacional","Valores absolutos","Total","1713018"
"6.3.1.1. Asalariados","2025 2T","Nacional","Valores absolutos","Hombres","1116960"
"6.3.1.1. Asalariados","2025 2T","Nacional","Valores absolutos","Mujeres","596058"
"6.3.1.2. Con percepciones no salariales","2025 2T","Nacional","Valores absolutos","Total","228581"
"6.3.1.2. Con percepciones no salariales","2025 2T","Nacional","Valores absolutos","Hombres","167848"
"6.3.1.2. Con percepciones no salariales","2025 2T","Nacional","Valores absolutos","Mujeres","60733"
"6.3.2. Empleadores","2025 2T","Nacional","Valores absolutos","Total","364129"
"6.3.2. Empleadores","2025 2T","Nacional","Valores absolutos","Hombres","254998"
"6.3.2. Empleadores","2025 2T","Nacional","Valores absolutos","Mujeres","109131"
"6.3.3. Trabajadores por cuenta propia","2025 2T","Nacional","Valores absolutos","Total","1795303"
"6.3.3. Trabajadores por cuenta propia","2025 2T","Nacional","Valores absolutos","Hombres","948340"
"6.3.3. Trabajadores por cuenta propia","2025 2T","Nacional","Valores absolutos","Mujeres","846963"
"6.3.4. Trabajadores no remunerados","2025 2T","Nacional","Valores absolutos","Total","187769"
"6.3.4. Trabajadores no remunerados","2025 2T","Nacional","Valores absolutos","Hombres","83136"
"6.3.4. Trabajadores no remunerados","2025 2T","Nacional","Valores absolutos","Mujeres","104633"
"6.3.5. No especificado","2025 2T","Nacional","Valores absolutos","Total","0"
"6.3.5. No especificado","2025 2T","Nacional","Valores absolutos","Hombres","0"
"6.3.5. No especificado","2025 2T","Nacional","Valores absolutos","Mujeres","0"
"6.4. Población subocupada por sector de actividad económica","2025 2T","Nacional","Valores absolutos","Total","4288800"
"6.4. Población subocupada por sector de actividad económica","2025 2T","Nacional","Valores absolutos","Hombres","2571282"
"6.4. Población subocupada por sector de actividad económica","2025 2T","Nacional","Valores absolutos","Mujeres","1717518"
"6.4.1. Primario","2025 2T","Nacional","Valores absolutos","Total","558096"
"6.4.1. Primario","2025 2T","Nacional","Valores absolutos","Hombres","492969"
"6.4.1. Primario","2025 2T","Nacional","Valores absolutos","Mujeres","65127"
"6.4.1.1. Agricultura, ganadería, silvicultura, caza y pesca","2025 2T","Nacional","Valores absolutos","Total","558096"
"6.4.1.1. Agricultura, ganadería, silvicultura, caza y pesca","2025 2T","Nacional","Valores absolutos","Hombres","492969"
"6.4.1.1. Agricultura, ganadería, silvicultura, caza y pesca","2025 2T","Nacional","Valores absolutos","Mujeres","65127"
"6.4.2. Secundario","2025 2T","Nacional","Valores absolutos","Total","1012185"
"6.4.2. Secundario","2025 2T","Nacional","Valores absolutos","Hombres","744107"
"6.4.2. Secundario","2025 2T","Nacional","Valores absolutos","Mujeres","268078"
"6.4.2.1. Industria extractiva y de la electricidad","2025 2T","Nacional","Valores absolutos","Total","11418"
"6.4.2.1. Industria extractiva y de la electricidad","2025 2T","Nacional","Valores absolutos","Hombres","10378"
"6.4.2.1. Industria extractiva y de la electricidad","2025 2T","Nacional","Valores absolutos","Mujeres","1040"
"6.4.2.2. Industria manufacturera","2025 2T","Nacional","Valores absolutos","Total","550360"
"6.4.2.2. Industria manufacturera","2025 2T","Nacional","Valores absolutos","Hombres","291345"
"6.4.2.2. Industria manufacturera","2025 2T","Nacional","Valores absolutos","Mujeres","259015"
"6.4.2.3. Construcción","2025 2T","Nacional","Valores absolutos","Total","450407"
"6.4.2.3. Construcción","2025 2T","Nacional","Valores absolutos","Hombres","442384"
"6.4.2.3. Construcción","2025 2T","Nacional","Valores absolutos","Mujeres","8023"
"6.4.3. Terciario","2025 2T","Nacional","Valores absolutos","Total","2699664"
"6.4.3. Terciario","2025 2T","Nacional","Valores absolutos","Hombres","1319020"
"6.4.3. Terciario","2025 2T","Nacional","Valores absolutos","Mujeres","1380644"
"6.4.3.1. Comercio","2025 2T","Nacional","Valores absolutos","Total","958631"
"6.4.3.1. Comercio","2025 2T","Nacional","Valores absolutos","Hombres","350972"
"6.4.3.1. Comercio","2025 2T","Nacional","Valores absolutos","Mujeres","607659"
"6.4.3.2. Restaurantes y servicios de alojamiento","2025 2T","Nacional","Valores absolutos","Total","380747"
"6.4.3.2. Restaurantes y servicios de alojamiento","2025 2T","Nacional","Valores absolutos","Hombres","120203"
"6.4.3.2. Restaurantes y servicios de alojamiento","2025 2T","Nacional","Valores absolutos","Mujeres","260544"
"6.4.3.3. Transportes, comunicaciones, correo y almacenamiento","2025 2T","Nacional","Valores absolutos","Total","268718"
"6.4.3.3. Transportes, comunicaciones, correo y almacenamiento","2025 2T","Nacional","Valores absolutos","Hombres","246584"
"6.4.3.3. Transportes, comunicaciones, correo y almacenamiento","2025 2T","Nacional","Valores absolutos","Mujeres","22134"
"6.4.3.4. Servicios profesionales, financieros y corporativos","2025 2T","Nacional","Valores absolutos","Total","283401"
"6.4.3.4. Servicios profesionales, financieros y corporativos","2025 2T","Nacional","Valores absolutos","Hombres","183012"
"6.4.3.4. Servicios profesionales, financieros y corporativos","2025 2T","Nacional","Valores absolutos","Mujeres","100389"
"6.4.3.5. Servicios sociales","2025 2T","Nacional","Valores absolutos","Total","177602"
"6.4.3.5. Servicios sociales","2025 2T","Nacional","Valores absolutos","Hombres","71388"
"6.4.3.5. Servicios sociales","2025 2T","Nacional","Valores absolutos","Mujeres","106214"
"6.4.3.6. Servicios diversos","2025 2T","Nacional","Valores absolutos","Total","589877"
"6.4.3.6. Servicios diversos","2025 2T","Nacional","Valores absolutos","Hombres","323849"
"6.4.3.6. Servicios diversos","2025 2T","Nacional","Valores absolutos","Mujeres","266028"
"6.4.3.7. Gobierno","2025 2T","Nacional","Valores absolutos","Total","40688"
"6.4.3.7. Gobierno","2025 2T","Nacional","Valores absolutos","Hombres","23012"
"6.4.3.7. Gobierno","2025 2T","Nacional","Valores absolutos","Mujeres","17676"
"6.4.4. No especificado","2025 2T","Nacional","Valores absolutos","Total","18855"
"6.4.4. No especificado","2025 2T","Nacional","Valores absolutos","Hombres","15186"
"6.4.4. No especificado","2025 2T","Nacional","Valores absolutos","Mujeres","3669"
"7.1. Población desocupada por grupos de edad","2025 2T","Nacional","Valores absolutos","Total","1624245"
"7.1. Población desocupada por grupos de edad","2025 2T","Nacional","Valores absolutos","Hombres","936437"
"7.1. Población desocupada por grupos de edad","2025 2T","Nacional","Valores absolutos","Mujeres","687808"
"7.1.1. De 15 a 24 años","2025 2T","Nacional","Valores absolutos","Total","519746"
"7.1.1. De 15 a 24 años","2025 2T","Nacional","Valores absolutos","Hombres","297808"
"7.1.1. De 15 a 24 años","2025 2T","Nacional","Valores absolutos","Mujeres","221938"
"7.1.2. De 25 a 44 años","2025 2T","Nacional","Valores absolutos","Total","749791"
"7.1.2. De 25 a 44 años","2025 2T","Nacional","Valores absolutos","Hombres","416386"
"7.1.2. De 25 a 44 años","2025 2T","Nacional","Valores absolutos","Mujeres","333405"
"7.1.3. De 45 a 64 años","2025 2T","Nacional","Valores absolutos","Total","327721"
"7.1.3. De 45 a 64 años","2025 2T","Nacional","Valores absolutos","Hombres","201111"
"7.1.3. De 45 a 64 años","2025 2T","Nacional","Valores absolutos","Mujeres","126610"
"7.1.4. De 65 años y más","2025 2T","Nacional","Valores absolutos","Total","26809"
"7.1.4. De 65 años y más","2025 2T","Nacional","Valores absolutos","Hombres","21132"
"7.1.4. De 65 años y más","2025 2T","Nacional","Valores absolutos","Mujeres","5677"
"7.1.5. No especificado","2025 2T","Nacional","Valores absolutos","Total","178"
"7.1.5. No especificado","2025 2T","Nacional","Valores absolutos","Hombres","0"
"7.1.5. No especificado","2025 2T","Nacional","Valores absolutos","Mujeres","178"
"7.2. Población desocupada por nivel de instrucción","2025 2T","Nacional","Valores absolutos","Total","1624245"
"7.2. Población desocupada por nivel de instrucción","2025 2T","Nacional","Valores absolutos","Hombres","936437"
"7.2. Población desocupada por nivel de instrucción","2025 2T","Nacional","Valores absolutos","Mujeres","687808"
"7.2.1. Primaria incompleta","2025 2T","Nacional","Valores absolutos","Total","56872"
"7.2.1. Primaria incompleta","2025 2T","Nacional","Valores absolutos","Hombres","38289"
"7.2.1. Primaria incompleta","2025 2T","Nacional","Valores absolutos","Mujeres","18583"
"7.2.2. Primaria completa","2025 2T","Nacional","Valores absolutos","Total","140678"
"7.2.2. Primaria completa","2025 2T","Nacional","Valores absolutos","Hombres","96896"
"7.2.2. Primaria completa","2025 2T","Nacional","Valores absolutos","Mujeres","43782"
"7.2.3. Secundaria completa","2025 2T","Nacional","Valores absolutos","Total","471756"
"7.2.3. Secundaria completa","2025 2T","Nacional","Valores absolutos","Hombres","291944"
"7.2.3. Secundaria completa","2025 2T","Nacional","Valores absolutos","Mujeres","179812"
"7.2.4. Medio superior y superior","2025 2T","Nacional","Valores absolutos","Total","950917"
"7.2.4. Medio superior y superior","2025 2T","Nacional","Valores absolutos","Hombres","506055"
"7.2.4. Medio superior y superior","2025 2T","Nacional","Valores absolutos","Mujeres","444862"
"7.2.5. No especificado","2025 2T","Nacional","Valores absolutos","Total","4022"
"7.2.5. No especificado","2025 2T","Nacional","Valores absolutos","Hombres","3253"
"7.2.5. No especificado","2025 2T","Nacional","Valores absolutos","Mujeres","769"
"7.3. Población desocupada por antecedente laboral","2025 2T","Nacional","Valores absolutos","Total","1624245"
"7.3. Población desocupada por antecedente laboral","2025 2T","Nacional","Valores absolutos","Hombres","936437"
"7.3. Población desocupada por antecedente laboral","2025 2T","Nacional","Valores absolutos","Mujeres","687808"
"7.3.1. Con experiencia","2025 2T","Nacional","Valores absolutos","Total","1474330"
"7.3.1. Con experiencia","2025 2T","Nacional","Valores absolutos","Hombres","866164"
"7.3.1. Con experiencia","2025 2T","Nacional","Valores absolutos","Mujeres","608166"
"7.3.1.1. Perdió o terminó su empleo anterior","2025 2T","Nacional","Valores absolutos","Total","749804"
"7.3.1.1. Perdió o terminó su empleo anterior","2025 2T","Nacional","Valores absolutos","Hombres","477831"
"7.3.1.1. Perdió o terminó su empleo anterior","2025 2T","Nacional","Valores absolutos","Mujeres","271973"
"7.3.1.2. Renunció o dejó su empleo anterior","2025 2T","Nacional","Valores absolutos","Total","595166"
"7.3.1.2. Renunció o dejó su empleo anterior","2025 2T","Nacional","Valores absolutos","Hombres","314251"
"7.3.1.2. Renunció o dejó su empleo anterior","2025 2T","Nacional","Valores absolutos","Mujeres","280915"
"7.3.1.3. Dejó o cerró un negocio propio","2025 2T","Nacional","Valores absolutos","Total","71640"
"7.3.1.3. Dejó o cerró un negocio propio","2025 2T","Nacional","Valores absolutos","Hombres","38723"
"7.3.1.3. Dejó o cerró un negocio propio","2025 2T","Nacional","Valores absolutos","Mujeres","32917"
"7.3.1.4. Otro","2025 2T","Nacional","Valores absolutos","Total","57720"
"7.3.1.4. Otro","2025 2T","Nacional","Valores absolutos","Hombres","35359"
"7.3.1.4. Otro","2025 2T","Nacional","Valores absolutos","Mujeres","22361"
"7.3.2. Sin experiencia","2025 2T","Nacional","Valores absolutos","Total","149915"
"7.3.2. Sin experiencia","2025 2T","Nacional","Valores absolutos","Hombres","70273"
"7.3.2. Sin experiencia","2025 2T","Nacional","Valores absolutos","Mujeres","79642"
"7.4. Población desocupada por duración del desempleo","2025 2T","Nacional","Valores absolutos","Total","1624245"
"7.4. Población desocupada por duración del desempleo","2025 2T","Nacional","Valores absolutos","Hombres","936437"
"7.4. Población desocupada por duración del desempleo","2025 2T","Nacional","Valores absolutos","Mujeres","687808"
"7.4.1. Hasta 1 mes","2025 2T","Nacional","Valores absolutos","Total","677608"
"7.4.1. Hasta 1 mes","2025 2T","Nacional","Valores absolutos","Hombres","408959"
"7.4.1. Hasta 1 mes","2025 2T","Nacional","Valores absolutos","Mujeres","268649"
"7.4.2. Más de 1 mes hasta 3 meses","2025 2T","Nacional","Valores absolutos","Total","554687"
"7.4.2. Más de 1 mes hasta 3 meses","2025 2T","Nacional","Valores absolutos","Hombres","324865"
"7.4.2. Más de 1 mes hasta 3 meses","2025 2T","Nacional","Valores absolutos","Mujeres","229822"
"7.4.3. Más de 3 meses hasta 6 meses","2025 2T","Nacional","Valores absolutos","Total","231980"
"7.4.3. Más de 3 meses hasta 6 meses","2025 2T","Nacional","Valores absolutos","Hombres","115577"
"7.4.3. Más de 3 meses hasta 6 meses","2025 2T","Nacional","Valores absolutos","Mujeres","116403"
"7.4.4. Más de 6 meses hasta 1 año","2025 2T","Nacional","Valores absolutos","Total","43422"
"7.4.4. Más de 6 meses hasta 1 año","2025 2T","Nacional","Valores absolutos","Hombres","22111"
"7.4.4. Más de 6 meses hasta 1 año","2025 2T","Nacional","Valores absolutos","Mujeres","21311"
"7.4.5. Más de 1 año","2025 2T","Nacional","Valores absolutos","Total","30132"
"7.4.5. Más de 1 año","2025 2T","Nacional","Valores absolutos","Hombres","18616"
"7.4.5. Más de 1 año","2025 2T","Nacional","Valores absolutos","Mujeres","11516"
"7.4.6. No especificado","2025 2T","Nacional","Valores absolutos","Total","86416"
"7.4.6. No especificado","2025 2T","Nacional","Valores absolutos","Hombres","46309"
"7.4.6. No especificado","2025 2T","Nacional","Valores absolutos","Mujeres","40107"
"8. Población no económicamente activa","2025 2T","Nacional","Valores absolutos","Total","41550195"
"8. Población no económicamente activa","2025 2T","Nacional","Valores absolutos","Hombres","11959362"
"8. Población no económicamente activa","2025 2T","Nacional","Valores absolutos","Mujeres","29590833"
"8.1. Disponible","2025 2T","Nacional","Valores absolutos","Total","5118795"
"8.1. Disponible","2025 2T","Nacional","Valores absolutos","Hombres","1780527"
"8.1. Disponible","2025 2T","Nacional","Valores absolutos","Mujeres","3338268"
"8.1.1. Disponible para trabajar que ha desistido de buscar empleo","2025 2T","Nacional","Valores absolutos","Total","72150"
"8.1.1. Disponible para trabajar que ha desistido de buscar empleo","2025 2T","Nacional","Valores absolutos","Hombres","33319"
"8.1.1. Disponible para trabajar que ha desistido de buscar empleo","2025 2T","Nacional","Valores absolutos","Mujeres","38831"
"8.1.2. Disponible para trabajar que no busca empleo por considerar que no tiene posibilidades","2025 2T","Nacional","Valores absolutos","Total","5046645"
"8.1.2. Disponible para trabajar que no busca empleo por considerar que no tiene posibilidades","2025 2T","Nacional","Valores absolutos","Hombres","1747208"
"8.1.2. Disponible para trabajar que no busca empleo por considerar que no tiene posibilidades","2025 2T","Nacional","Valores absolutos","Mujeres","3299437"
"8.2. No disponible","2025 2T","Nacional","Valores absolutos","Total","36431400"
"8.2. No disponible","2025 2T","Nacional","Valores absolutos","Hombres","10178835"
"8.2. No disponible","2025 2T","Nacional","Valores absolutos","Mujeres","26252565"
"8.2.1. Con interés para trabajar, pero bajo un contexto que le impide hacerlo","2025 2T","Nacional","Valores absolutos","Total","2281898"
"8.2.1. Con interés para trabajar, pero bajo un contexto que le impide hacerlo","2025 2T","Nacional","Valores absolutos","Hombres","377130"
"8.2.1. Con interés para trabajar, pero bajo un contexto que le impide hacerlo","2025 2T","Nacional","Valores absolutos","Mujeres","1904768"
"8.2.2. Sin interés para trabajar por atender otras obligaciones","2025 2T","Nacional","Valores absolutos","Total","30258083"
"8.2.2. Sin interés para trabajar por atender otras obligaciones","2025 2T","Nacional","Valores absolutos","Hombres","7667855"
"8.2.2. Sin interés para trabajar por atender otras obligaciones","2025 2T","Nacional","Valores absolutos","Mujeres","22590228"
"8.2.3. Con impedimentos físicos para trabajar","2025 2T","Nacional","Valores absolutos","Total","535150"
"8.2.3. Con impedimentos físicos para trabajar","2025 2T","Nacional","Valores absolutos","Hombres","312208"
"8.2.3. Con impedimentos físicos para trabajar","2025 2T","Nacional","Valores absolutos","Mujeres","222942"
"8.2.4. Otros","2025 2T","Nacional","Valores absolutos","Total","3356269"
"8.2.4. Otros","2025 2T","Nacional","Valores absolutos","Hombres","1821642"
"8.2.4. Otros","2025 2T","Nacional","Valores absolutos","Mujeres","1534627"
"9.1.1. Edad de la población económicamente activa (Promedio)","2025 2T","Nacional","Valores absolutos","Total","41"
"9.1.1. Edad de la población económicamente activa (Promedio)","2025 2T","Nacional","Valores absolutos","Hombres","41"
"9.1.1. Edad de la población económicamente activa (Promedio)","2025 2T","Nacional","Valores absolutos","Mujeres","40"
"9.1.2. Edad de la población económicamente activa (Mediana)","2025 2T","Nacional","Valores absolutos","Total","40"
"9.1.2. Edad de la población económicamente activa (Mediana)","2025 2T","Nacional","Valores absolutos","Hombres","40"
"9.1.2. Edad de la población económicamente activa (Mediana)","2025 2T","Nacional","Valores absolutos","Mujeres","39"
"9.2.1. Años de escolaridad de la población económicamente activa (Promedio)","2025 2T","Nacional","Valores absolutos","Total","11"
"9.2.1. Años de escolaridad de la población económicamente activa (Promedio)","2025 2T","Nacional","Valores absolutos","Hombres","10"
"9.2.1. Años de escolaridad de la población económicamente activa (Promedio)","2025 2T","Nacional","Valores absolutos","Mujeres","11"
"9.2.2. Años de escolaridad de la población económicamente activa (Mediana)","2025 2T","Nacional","Valores absolutos","Total","11"
"9.2.2. Años de escolaridad de la población económicamente activa (Mediana)","2025 2T","Nacional","Valores absolutos","Hombres","10"
"9.2.2. Años de escolaridad de la población económicamente activa (Mediana)","2025 2T","Nacional","Valores absolutos","Mujeres","12"
"9.3.1. Horas trabajadas a la semana por la población ocupada (Promedio)","2025 2T","Nacional","Valores absolutos","Total","42"
"9.3.1. Horas trabajadas a la semana por la población ocupada (Promedio)","2025 2T","Nacional","Valores absolutos","Hombres","45"
"9.3.1. Horas trabajadas a la semana por la población ocupada (Promedio)","2025 2T","Nacional","Valores absolutos","Mujeres","38"
"9.3.2. Horas trabajadas a la semana por la población ocupada (Mediana)","2025 2T","Nacional","Valores absolutos","Total","45"
"9.3.2. Horas trabajadas a la semana por la población ocupada (Mediana)","2025 2T","Nacional","Valores absolutos","Hombres","46"
"9.3.2. Horas trabajadas a la semana por la población ocupada (Mediana)","2025 2T","Nacional","Valores absolutos","Mujeres","40"
"9.4.1. Ingresos (pesos) por hora trabajada de la población ocupada (Promedio)","2025 2T","Nacional","Valores absolutos","Total","66"
"9.4.1. Ingresos (pesos) por hora trabajada de la población ocupada (Promedio)","2025 2T","Nacional","Valores absolutos","Hombres","67"
"9.4.1. Ingresos (pesos) por hora trabajada de la población ocupada (Promedio)","2025 2T","Nacional","Valores absolutos","Mujeres","65"
"9.4.2. Ingresos (pesos) por hora trabajada de la población ocupada (Mediana)","2025 2T","Nacional","Valores absolutos","Total","49"
"9.4.2. Ingresos (pesos) por hora trabajada de la población ocupada (Mediana)","2025 2T","Nacional","Valores absolutos","Hombres","50"
"9.4.2. Ingresos (pesos) por hora trabajada de la población ocupada (Mediana)","2025 2T","Nacional","Valores absolutos","Mujeres","47"
"9.5.1. Ingresos (pesos) por hora trabajada de empleadores (Promedio)","2025 2T","Nacional","Valores absolutos","Total","110"
"9.5.1. Ingresos (pesos) por hora trabajada de empleadores (Promedio)","2025 2T","Nacional","Valores absolutos","Hombres","108"
"9.5.1. Ingresos (pesos) por hora trabajada de empleadores (Promedio)","2025 2T","Nacional","Valores absolutos","Mujeres","117"
"9.5.2. Ingresos (pesos) por hora trabajada de empleadores (Mediana)","2025 2T","Nacional","Valores absolutos","Total","65"
"9.5.2. Ingresos (pesos) por hora trabajada de empleadores (Mediana)","2025 2T","Nacional","Valores absolutos","Hombres","65"
"9.5.2. Ingresos (pesos) por hora trabajada de empleadores (Mediana)","2025 2T","Nacional","Valores absolutos","Mujeres","67"
"9.6.1. Ingresos (pesos) por hora trabajada de trabajadores por cuenta propia (Promedio)","2025 2T","Nacional","Valores absolutos","Total","69"
"9.6.1. Ingresos (pesos) por hora trabajada de trabajadores por cuenta propia (Promedio)","2025 2T","Nacional","Valores absolutos","Hombres","71"
"9.6.1. Ingresos (pesos) por hora trabajada de trabajadores por cuenta propia (Promedio)","2025 2T","Nacional","Valores absolutos","Mujeres","67"
"9.6.2. Ingresos (pesos) por hora trabajada de trabajadores por cuenta propia (Mediana)","2025 2T","Nacional","Valores absolutos","Total","43"
"9.6.2. Ingresos (pesos) por hora trabajada de trabajadores por cuenta propia (Mediana)","2025 2T","Nacional","Valores absolutos","Hombres","48"
"9.6.2. Ingresos (pesos) por hora trabajada de trabajadores por cuenta propia (Mediana)","2025 2T","Nacional","Valores absolutos","Mujeres","40"
"9.7.1. Ingresos (pesos) por hora trabajada de trabajadores por cuenta propia en actividades no calificadas (Promedio)","2025 2T","Nacional","Valores absolutos","Total","61"
"9.7.1. Ingresos (pesos) por hora trabajada de trabajadores por cuenta propia en actividades no calificadas (Promedio)","2025 2T","Nacional","Valores absolutos","Hombres","60"
"9.7.1. Ingresos (pesos) por hora trabajada de trabajadores por cuenta propia en actividades no calificadas (Promedio)","2025 2T","Nacional","Valores absolutos","Mujeres","62"
"9.7.2. Ingresos (pesos) por hora trabajada de trabajadores por cuenta propia en actividades no calificadas (Mediana)","2025 2T","Nacional","Valores absolutos","Total","42"
"9.7.2. Ingresos (pesos) por hora trabajada de trabajadores por cuenta propia en actividades no calificadas (Mediana)","2025 2T","Nacional","Valores absolutos","Hombres","44"
"9.7.2. Ingresos (pesos) por hora trabajada de trabajadores por cuenta propia en actividades no calificadas (Mediana)","2025 2T","Nacional","Valores absolutos","Mujeres","38"
"9.8.1. Ingresos (pesos) por hora trabajada de trabajadores subordinados y remunerados asalariados (Promedio)","2025 2T","Nacional","Valores absolutos","Total","62"
"9.8.1. Ingresos (pesos) por hora trabajada de trabajadores subordinados y remunerados asalariados (Promedio)","2025 2T","Nacional","Valores absolutos","Hombres","62"
"9.8.1. Ingresos (pesos) por hora trabajada de trabajadores subordinados y remunerados asalariados (Promedio)","2025 2T","Nacional","Valores absolutos","Mujeres","62"
"9.8.2. Ingresos (pesos) por hora trabajada de trabajadores subordinados y remunerados asalariados (Mediana)","2025 2T","Nacional","Valores absolutos","Total","48"
"9.8.2. Ingresos (pesos) por hora trabajada de trabajadores subordinados y remunerados asalariados (Mediana)","2025 2T","Nacional","Valores absolutos","Hombres","49"
"9.8.2. Ingresos (pesos) por hora trabajada de trabajadores subordinados y remunerados asalariados (Mediana)","2025 2T","Nacional","Valores absolutos","Mujeres","48"
"9.9.1. Ingresos (pesos) por hora trabajada de trabajadores subordinados y remunerados con percepciones no salariales (Promedio)","2025 2T","Nacional","Valores absolutos","Total","70"
"9.9.1. Ingresos (pesos) por hora trabajada de trabajadores subordinados y remunerados con percepciones no salariales (Promedio)","2025 2T","Nacional","Valores absolutos","Hombres","66"
"9.9.1. Ingresos (pesos) por hora trabajada de trabajadores subordinados y remunerados con percepciones no salariales (Promedio)","2025 2T","Nacional","Valores absolutos","Mujeres","81"
"9.9.2. Ingresos (pesos) por hora trabajada de trabajadores subordinados y remunerados con percepciones no salariales (Mediana)","2025 2T","Nacional","Valores absolutos","Total","43"
"9.9.2. Ingresos (pesos) por hora trabajada de trabajadores subordinados y remunerados con percepciones no salariales (Mediana)","2025 2T","Nacional","Valores absolutos","Hombres","42"
"9.9.2. Ingresos (pesos) por hora trabajada de trabajadores subordinados y remunerados con percepciones no salariales (Mediana)","2025 2T","Nacional","Valores absolutos","Mujeres","50"
"10.1. Tasa de participación","2025 2T","Nacional","Valores absolutos","Total","60"
"10.1. Tasa de participación","2025 2T","Nacional","Valores absolutos","Hombres","75"
"10.1. Tasa de participación","2025 2T","Nacional","Valores absolutos","Mujeres","46"
"10.2. Tasa de desocupación","2025 2T","Nacional","Valores absolutos","Total","3"
"10.2. Tasa de desocupación","2025 2T","Nacional","Valores absolutos","Hombres","3"
"10.2. Tasa de desocupación","2025 2T","Nacional","Valores absolutos","Mujeres","3"
"10.3. Tasa de ocupación parcial y desocupación","2025 2T","Nacional","Valores absolutos","Total","9"
"10.3. Tasa de ocupación parcial y desocupación","2025 2T","Nacional","Valores absolutos","Hombres","6"
"10.3. Tasa de ocupación parcial y desocupación","2025 2T","Nacional","Valores absolutos","Mujeres","13"
"10.4. Tasa de presión general","2025 2T","Nacional","Valores absolutos","Total","6"
"10.4. Tasa de presión general","2025 2T","Nacional","Valores absolutos","Hombres","6"
"10.4. Tasa de presión general","2025 2T","Nacional","Valores absolutos","Mujeres","5"
"10.5. Tasa de trabajo asalariado","2025 2T","Nacional","Valores absolutos","Total","66"
"10.5. Tasa de trabajo asalariado","2025 2T","Nacional","Valores absolutos","Hombres","65"
"10.5. Tasa de trabajo asalariado","2025 2T","Nacional","Valores absolutos","Mujeres","68"
"10.6. Tasa de subocupación","2025 2T","Nacional","Valores absolutos","Total","7"
"10.6. Tasa de subocupación","2025 2T","Nacional","Valores absolutos","Hombres","7"
"10.6. Tasa de subocupación","2025 2T","Nacional","Valores absolutos","Mujeres","7"
"10.7. Tasa de condiciones críticas de ocupación","2025 2T","Nacional","Valores absolutos","Total","32"
"10.7. Tasa de condiciones críticas de ocupación","2025 2T","Nacional","Valores absolutos","Hombres","35"
"10.7. Tasa de condiciones críticas de ocupación","2025 2T","Nacional","Valores absolutos","Mujeres","29"
"10.8. Tasa de ocupación en el sector informal (TOSI 1)","2025 2T","Nacional","Valores absolutos","Total","29"
"10.8. Tasa de ocupación en el sector informal (TOSI 1)","2025 2T","Nacional","Valores absolutos","Hombres","29"
"10.8. Tasa de ocupación en el sector informal (TOSI 1)","2025 2T","Nacional","Valores absolutos","Mujeres","30"
"10.9. Tasa de informalidad laboral (TIL 1)","2025 2T","Nacional","Valores absolutos","Total","55"
"10.9. Tasa de informalidad laboral (TIL 1)","2025 2T","Nacional","Valores absolutos","Hombres","54"
"10.9. Tasa de informalidad laboral (TIL 1)","2025 2T","Nacional","Valores absolutos","Mujeres","55"
"10.10. Tasa de ocupación en el sector informal (TOSI 2)","2025 2T","Nacional","Valores absolutos","Total","32"
"10.10. Tasa de ocupación en el sector informal (TOSI 2)","2025 2T","Nacional","Valores absolutos","Hombres","34"
"10.10. Tasa de ocupación en el sector informal (TOSI 2)","2025 2T","Nacional","Valores absolutos","Mujeres","31"
"10.11. Tasa de informalidad laboral (TIL 2)","2025 2T","Nacional","Valores absolutos","Total","51"
"10.11. Tasa de informalidad laboral (TIL 2)","2025 2T","Nacional","Valores absolutos","Hombres","49"
"10.11. Tasa de informalidad laboral (TIL 2)","2025 2T","Nacional","Valores absolutos","Mujeres","54"
"La información del agregado de ciudades comprende 32 hasta el primer trimestre de 2017. A partir del segundo trimestre de 2017, incluye 33 (se integra Torreón). Desde el primer trimestre de 2019, abarca 36 ciudades (se integran Juárez, Mexicali y Reynosa). Finalmente, a partir del primer trimestre de 2020, incluye 39 (se integran las ciudades de Coatzacoalcos, Carmen y Tapachula). <br><br>Para conocer los cambios sobre la información y actualizaciones de datos aquí publicados, se sugiere descargar el archivo enoe_notas_infolaboral.pdf, disponible en: <br><br><a href='https://www.inegi.org.mx/contenidos/programas/enoe/15ymas/doc/enoe_notas_infolaboral.pdf' target='_blank'>https://www.inegi.org.mx/contenidos/programas/enoe/15ymas/doc/enoe_notas_infolaboral.pdf</a> <br><br>Conceptos seleccionados sobre los indicadores: <br><br><a href='https://www.inegi.org.mx/contenidos/programas/enoe/15ymas/doc/enoe_conceptos_infolaboral.pdf' target='_blank'>https://www.inegi.org.mx/contenidos/programas/enoe/15ymas/doc/enoe_conceptos_infolaboral.pdf</a> <br>""""Fuente:""INEGI. Encuesta Nacional de Ocupación y Empleo (ENOE), población de 15 años y más de edad"""